subreddit_name,finished_scraping
catsubs,True
Meow_Irl,True
Cats,True
CatReactionGifs,True
CatSpotting,True
GrumpyCats,True
Kitty,True
CatReddit,True
LookAtMyCat,True
Cat,True
Kitten,True
FromKittenToCat,True
C_AT,True
IllegallySmolCats,True
IllegallyBigCats,True
TruckerCats,True
SeniorCats,True
SadCats,True
CuteCats,True
WetCats,True
SleepingCats,True
Displeased_Kitties,True
SuspiciousKitties,True
CatsCalledFood,True
catshuggingcats,True
CatPics,True
CatGifs,True
catvideos,True
CatPictures,True
SupermodelCats,True
60fpscats,True
blurrypicturesofcats,True
CatsStandingUp,True
CatsSittingDown,True
thecatdimension,True
WhatsWrongWithYourCat,True
HoldMyCatnip,True
StartledCats,True
CatsLookingSeductive,True
CatConspiracy,True
CatsAreAssholes,True
SneezingCats,True
catlogic,True
Chonkers,True
CatSelfies,True
FierceCats,True
FailCat,True
catsbeingjerks,True
catsbeingbros,True
BobbleHeadCats,True
Hovercat,True
LazyCats,True
CatFaceplant,True
purrkour,True
DrillCats,True
InterruptingCats,True
CatWiggle,True
catplops,True
BathroomKitties,True
Cathletes,True
HoldMyMilk,True
catsarefuckingstupid,True
Unorthocat,True
CatKicks,True
BadAtCat,True
KittyHugs,True
CatsHiding,True
BadassCats,True
BarnCat,True
kneadycats,True
holdmynip,True
scrungycats,True
EvilCats,True
Patounes,True
FearlessCats,True
CatsAreMetal,True
ottercats,True
catsdoinganything,True
catfreakouts,True
MildlyStartledCats,True
catburnouts,True
greebles,True
catculations,True
catplops,True
catsareliquid,True
catsbeingcats,True
catsbeingderps,True
catsgonewild,True
CatsVsThemselves,True
catwiggle,True
longcats,True
catsyawning,True
catsbeingdicks,True
CatsAreAliens,True
WhyCatHowCat,True
CatLoaf,True
Catbun,True
catrolls,True
shrimping,True
catcircles,True
noodlebones,True
AussieLoaf,True
Catbaguette,True
BlepLoaf,True
catsareliquid,True
catfruit,True
KittyTailWrap,True
purrito,True
CatBellies,True
Blep,True
mlem,True
curledfeetsies,True
straightenedfeetsies,True
boopablenosies,True
airplaneears,True
bottlebrush,True
kittykankles,True
JellybeanToes,True
ThumbCats,True
Teefies,True
SneakyPaws,True
LaserEyedCats,True
Floof,True
PeanutWhiskers,True
WhiskerFireworks,True
Stealthbombers,True
attackeyes,True
murdermittens,True
sandpaperkisses,True
fangies,True
crosseyedcats,True
pinknosedcats,True
catswithsocks,True
CatsWhoYell,True
CatsWhoSqueak,True
CatsWhoChirp,True
CatsWhoTrill,True
CatsWhoWhisper,True
CatsWhoConverse,True
catvoice,True
noisycats,True
motorboat,True
CatsWhoBeep,True
kittenswhoyell,True
catswhospeaksoftly,True
perfectlycutmeows,True
CatsWhoQuack,True
activationsound,True
catswhosmoke,True
catswhocroak,True
LongMeow,True
CatsISUOTTATFO,True
TheCatTrapIsWorking,True
CatsInSinks,True
catslaps,True
cattaps,True
catpawtouches,True
CatsOnPizza,True
CatsInBoxes,True
tightpussy,True
StolenDogBeds,True
CatsInWaterPackages,True
CatMechanics,True
CatsPlayingVideoGames,True
MoneyCats,True
CatsOnGlass,True
TuckedInKitties,True
CemeteryCats,True
CatsInTrees,True
PottedCats,True
KittiesVsThings,True
CatsRidingRoombas,True
TouchThaFishy,True
IfItFits,True
CatsEatingDinner,True
IfIFitsISits,True
CatsStaringAtWalls,True
CatsWithBacon,True
CatsInPants,True
CatsvsTechnology,True
CatsUsingInhalers,True
Catfort,True
CatsEatingPasta,True
PurrfectFit,True
faucetcats,True
CatsHuggingThings,True
CatsPlayingMTG,True
CatsStuckInThings,True
CatsSmellingThings,True
CatsInLaundry,True
BodegaCats,True
CatsOnKeyboards,True
CatScans,True
CatsPlayingDnd,True
CatsInSuitcases,True
CatsInBowls,True
catsinxmastrees,True
eggcats,True
khajithaswares,True
BagCat,True
CatsBeingBanks,True
CatsHoldingThings,True
hydrokitties,True
Catscarryingstuff,True
FurnitureForCats,True
catsoncats,True
MyHatIsACat,True
girlswithhugepussies,True
Catsgivinghighfives,True
CatsClimbingPeople,True
BeardsAndCats,True
IPoopCats,True
CuteGuysWithCats,True
ShoulderCats,True
CuddlyKitties,True
CatsEnjoyingPets,True
historicalcatlovers,True
CatHostage,True
catbongos,True
CatsBeingLobsters,True
StuffOnCats,True
CatsWithHats,True
CatsInHats,True
CatsWearingMakeup,True
CatsInClothes,True
CatsOnLeashes,True
CatsInCostumes,True
CatsInBusinessAttire,True
InbreadCats,True
CatsWearingPasta,True
Babushkats,True
catsinpants,True
NorwegianForestCats,True
MaineCoons,True
Ragdolls,True
BlackCats,True
GingerKitty,True
PicsOfHarlequinCats,True
CalicoKittys,True
Manx,True
MunchkinCats,True
PersianCat,True
PersianCats,True
RussianBlue,True
ScottishFold,True
SiameseCats,True
BengalCats,True
BritishShortHair,True
Savannah_Cats,True
Nebelung,True
SiberianCats,True
Sphynx,True
CornishRex,True
DevonRex,True
ExoticShorthair,True
TuxedoCats,True
OrangeCats,True
LynxPointSiamese,True
BurmeseCats,True
TortieCats,True
SavannahCats,True
MaineCoon,True
Tabby,True
TwoFacedCats,True
gingercats,True
CatsNamedToothless,True
housepanther,True
Vorties,True
Fruitbatcats,True
orientalshorthair,True
SphynxCats,True
flamepoints,True
BabyBigCatGifs,True
BigCats,True
Felidae,True
Lions,True
Lynxes,True
Ocelots,True
TigerPics,True
SnowLeopards,True
Cheetahs,True
CloudedLeopards,True
TightPussy,True
PocketPussy,True
GirlsWithHugePussies,True
PussyGifs,True
wet_pussy,True
FatPussy,True
SmallPussy,True
pussylicker,True
WhitePussy,True
blackpussy,True
GuysWithHugePussies,True
SkinnyPussy,True
chubbypussy,True
prettypussy,True
pussypics,True
preteenpussy,True
CatCare,True
CatTraining,True
FelineCare,True
RenalCats,True
CatQueries,True
CatQuestions,True
FelineCare,True
FelineBehavior,True
CatAdvice,True
Pusheen,True
Simonscat,True
KittensGame,True
DogsWithCatHeads,True
CatProblems,True
ChristmasCats,True
Schrodinger,True
WarriorCats,True
Nekoatsume,True
Meow,True
LOLCats,True
SpaceCats,True
CatLords,True
NyanCat,True
BattleCats,True
BattleCatsCheats,True
RescueCats,True
Doraemon,True
CatsandCosmetics,True
CatMemes,True
Kitting,True
FlippingOffCats,True
UpvotedBecauseCat,True
HelloKitty,True
ExplodingKittens,True
CatPeopleTwitter,True
CatFacts,True
themews,True
likethatbutcat,True
thedawnpatrol,True
RedditForCats,True
Maru,True
LilBUB,True
GrumpyCat,True
316cats,True
TardCat,True
SosAndTheTiny,True
CatsAreDicks,True
HardcoreBlep,True
CatsFailingJumps,True
WhereDidTheCatGo,True
RagdollCats,True
FunnyCatGifs,True
LiquidKitties,True
CatsPlotting,True
CatTrap,True
CatShaming,True
FunnyCat,True
CatsCuddling,True
CatsAreJerks,True
CatPaws,True
CalicoCats,True
TabbyCats,True
CatsInBowls,True
GrayCats,True
CatsSittingLikeThis,True
CatsWhoYawn,True
HistoricalCatLovers,True
FindTheCat,True
onlyhappycats,True
